Date,Time,Text,Picture Url 1
2026-11-01,18:00:00,"Speech to text in airplane mode ✈️ The Wind and the Sun
They argue about who is stronger 🌬️☀️ Speech to Text Offline turns speech into text right on your phone, and your audio never leaves it. Works offline in dozens of languages.

Free on Google Play: https://play.google.com/store/apps/details?id=com.basikcode.transcriber&referrer=utm_source%3Dsocial%26utm_medium%3Dshort%26utm_campaign%3D2026-11

#speechtotext #aesop #fables #offline #privacy #transcription #android",https://fabien0008.github.io/transcriber-clips/clips/2026-11/01_en_wind_a.mp4
2026-11-02,18:00:00,"Voz a texto en modo avión ✈️ Los peces aplaudían con la cola 🐟
Un cuento de Quiroga, transcrito sin internet. Speech to Text Offline convierte la voz en texto en tu propio teléfono: tu audio nunca sale de él. Funciona sin conexión en decenas de idiomas.

Gratis en Google Play: https://play.google.com/store/apps/details?id=com.basikcode.transcriber&referrer=utm_source%3Dsocial%26utm_medium%3Dshort%26utm_campaign%3D2026-11

#vozatexto #quiroga #cuentos #sininternet #privacidad #transcripcion #android",https://fabien0008.github.io/transcriber-clips/clips/2026-11/02_es_flamencos_a.mp4
2026-11-03,18:00:00,"Transcription en mode avion ✈️ « En l'année 1872… » (Jules Verne)
Le début du Tour du monde en 80 jours 📖 Speech to Text Offline transforme la parole en texte directement sur votre téléphone : votre audio ne le quitte jamais. Fonctionne hors ligne dans des dizaines de langues.

Gratuit sur Google Play: https://play.google.com/store/apps/details?id=com.basikcode.transcriber&referrer=utm_source%3Dsocial%26utm_medium%3Dshort%26utm_campaign%3D2026-11

#transcription #julesverne #livreaudio #horsligne #vieprivée #étudiant #android",https://fabien0008.github.io/transcriber-clips/clips/2026-11/03_fr_verne.mp4
2026-11-04,18:00:00,"Offline speech to text: the wind, the traveler and his cloak 🧥
The harder the wind blew, the tighter he held on. This text was written by the phone itself, in airplane mode. No account, and your audio never leaves your device.

Free on Google Play: https://play.google.com/store/apps/details?id=com.basikcode.transcriber&referrer=utm_source%3Dsocial%26utm_medium%3Dshort%26utm_campaign%3D2026-11

#speechtotext #aesop #storytime #offline #privacy #notes #android",https://fabien0008.github.io/transcriber-clips/clips/2026-11/04_en_wind_b.mp4
2026-11-05,18:00:00,"Voz para texto em modo avião ✈️ Um conto de Aluísio Azevedo 🚢
Um passageiro de 25 anos deixa o camarote… O Speech to Text Offline transforma voz em texto no seu próprio celular: seu áudio nunca sai dele. Funciona offline em dezenas de idiomas.

Grátis no Google Play: https://play.google.com/store/apps/details?id=com.basikcode.transcriber&referrer=utm_source%3Dsocial%26utm_medium%3Dshort%26utm_campaign%3D2026-11

#vozparatexto #literaturabrasileira #contos #offline #privacidade #estudos #android",https://fabien0008.github.io/transcriber-clips/clips/2026-11/05_pt_azevedo.mp4
2026-11-06,18:00:00,"¿Por qué los flamencos tenían las patas blancas? 🦩 Voz a texto sin internet
Un clásico de Quiroga, pasado a texto en modo avión ✈️. Notas de voz, clases, reuniones: se transcriben en tu teléfono y el audio se queda ahí.

Gratis en Google Play: https://play.google.com/store/apps/details?id=com.basikcode.transcriber&referrer=utm_source%3Dsocial%26utm_medium%3Dshort%26utm_campaign%3D2026-11

#vozatexto #flamencos #estudiantes #sininternet #productividad #notas #android",https://fabien0008.github.io/transcriber-clips/clips/2026-11/06_es_flamencos_b.mp4
2026-11-07,18:00:00,"Aesop's ending, transcribed with no internet ☀️
And the sun wins. Lectures, meetings, voice notes: Speech to Text Offline writes them down on your phone, and the audio stays there.

Free on Google Play: https://play.google.com/store/apps/details?id=com.basikcode.transcriber&referrer=utm_source%3Dsocial%26utm_medium%3Dshort%26utm_campaign%3D2026-11

#speechtotext #studytips #lecturenotes #offline #productivity #transcription #android",https://fabien0008.github.io/transcriber-clips/clips/2026-11/07_en_wind_c.mp4
